Model,Accuracy,Memory (MB),Inference (ms),Parameters
1DCNN,0.819548043669899,0.0703125,64.48030948638916,7589
RNN,0.8499186275174612,0.32421875,60.283098220825195,6469
DNN,0.8519868447819896,0.0390625,52.849695682525635,11781
LSTM,0.8553349833864515,0.10546875,57.99879550933838,19141
BiLSTM,0.8733555977486946,0.59375,63.70654106140136,38085
CNN-LSTM,0.842535769987116,0.65625,56.66888236999512,8021
CNN-BiLSTM,0.8401369770122736,1.47265625,56.44070625305176,5973
